base_grouphead_pressure,pressure,grouphead,0.0,1.0,10,4.5,18.0,6.0,20.0,7.5,22.0,9.0,40.0,7.5,60.0,4.5
base_grouphead_temp,temperature,grouphead,0.0,100,10,100,20,100,30,100,40,100,50,100,60,100
base_boiler_temp,temperature,boiler,0.0,60,10,60,20,60,30,60,40,60,50,60,60,60
base_grouphead_flow,flow,grouphead,0,0.1,2,2,4,4,10,4,20,4,30,4,32,2,34,0.1,60,0
temp_inversion_grouphead,temperature,grouphead,0.0,100.0,9.429844892137636,100.0,20.0,100.0,30.0,100.0,38.39662447257384,93.84484435797665,48.7419028941582,89.64250972762646,60.0,87.61916342412451
temp_inversion_boiler,temperature,boiler,0.0,60.0,10.0,60.0,20.0,60.0,30.0,60.0,39.613716051583765,67.69698443579766,50.44583110477209,71.58803501945525,60.0,73.7670233463035
light_roast_grouphead,pressure,grouphead,0.0,1.0,5.66743429808015,3.8934824902723735,19.5320148588754,6.010214007782102,20.83552243296726,7.504377431906615,22.020529318505318,8.811770428015564,46.78717322625068,7.348735408560311,60.0,4.5
